insert into produit
(CODART, LIBART, STKALE, STKPHY, QTEANN, UNIMES)
values
('I100',     'Papier 1 ex continu',           100,         557,         3500,        'B1000'),
('I105',     'Papier 2 ex continu        '   ,75 ,         5   ,        2300 ,       "B1000"),
('I108',     'Papier 3 ex continu        '   ,200,         557 ,        3500 ,       "B500"),
('I110',     'Papier 4 ex continu        '   ,10 ,         12  ,        63   ,       "B400"),
('P220',     'Pré imprimé commande       '   ,500,         2500,        24500,       "B500"),
('P230',     'Pré imprimé facture        '   ,500,         250 ,        12500,       "B500"),
('P240',     'Pré imprimé bulletin paie  '   ,500,         3000,        6250 ,       "B500"),
('P250',     'Pré imprimé bon livraison  '   ,500,         2500,        24500,       "B500"),
('P270',     'Pré imprimé bon fabrication'   ,500,         2500,        24500,       "B500"),
('R080',     'Ruban Epson 850            '   ,10 ,         2   ,        120  ,       "unité"),
('R132',     'Ruban imp1200 lignes       '   ,25 ,         200 ,        182  ,       "unité"),
('B002',     'Bande magnétique 6250      '   ,20 ,         12  ,        410  ,       "unité"),
('B001',     'Bande magnétique 1200      '   ,20 ,         87  ,        240  ,       "unité"),
('D035',     'CD R slim 80 mm            '   ,40 ,         42  ,        150  ,       "B010"),
('D050',     'CD R-W 80mm                '   ,50 ,         4   ,        0    ,       "B010");


insert into fournis (NUMFOU, NOMFOU, RUEFOU, POSFOU ,VILFOU, CONFOU, SATISF)
values 

('00120'      ,         'GROBRIGAN'   ,    '20', 'rue du papier'  ,     '92200' 'papercity'     ,        'Georges'  , 08 ),
('00540'      ,         'ECLIPSE  '   ,    '53','rue laisse flotter les rubans', '78250' 'Bugbugville' , 'Nestor' , 07),
('08700'      ,         'MEDICIS  '   ,    '120','rue des plantes ' ,  '75014' 'Paris'        ,    'Lison', null),
('09120'      ,         'DISCOBOL '   ,    '11 ','rue des sports' , '85100' 'La Roche sur Yon','Hercule' ,  08),
('09150'      ,         'DEPANPAP'   ,    '26' ,'avenue des locomotives', '59987' 'Coroncountry',        'Pollux'  ,  05),
('09180'      ,         'HURRYTAPE'   ,    '68' ,'boulevard des octets ' , '04044' 'Dumpville'   ,       'Track', null);



insert into vente (CODART, NUMFOU, DELLIV, QTE1, PRIX1, QTE2, PRIX2, QTE3, PRIX3)
values 

('I100'    ,    00120    ,      90    ,   0    ,   700   ,   50  ,  600  ,  120  ,  500),
('I100'    ,    00540    ,      70    ,   0    ,   710   ,   60  ,  630  ,  100  ,  600),
('I100'    ,    09120    ,      60    ,   0    ,   800   ,   70  ,  600  ,  90   ,  500),
('I100'    ,    09150    ,      90    ,   0    ,   650   ,   90  ,  600  ,  200  ,  590),
('I100'    ,    09180    ,      30    ,   0    ,   720   ,   50  ,  670  ,  100  ,  490),
('I105'    ,    00120    ,      90    ,   10   ,   705   ,   50  ,  630  ,  120  ,  500),
('I105'    ,    00540    ,      70    ,   0    ,   810   ,   60  ,  645  ,  100  ,  600),
('I105'    ,    09120    ,      60    ,   0    ,   920   ,   70  ,  800  ,  90   ,  700),
('I105'    ,    09150    ,      90    ,   0    ,   685   ,   90  ,  600  ,  200  ,  590),
('I105'    ,    08700    ,      30    ,   0    ,   720   ,   50  ,  670  ,  100  ,  510),
('I108'    ,    00120    ,      90    ,   5    ,   795   ,   30  ,  720  ,  100  ,  680),
('I108'    ,    09120    ,      60    ,   0    ,   920   ,   70  ,  820  ,  100  ,  780),
('I110'    ,    09180    ,      90    ,   0    ,   900   ,   70  ,  870  ,  90   ,  835),
('I110'    ,    09120    ,      60    ,   0    ,   950   ,   70  ,  850  ,  90   ,  790),
('D035'    ,    00120    ,      0     ,   0    ,   40    ,   null,  null  , null ,  null),
('D035'    ,    09120    ,      5     ,   0    ,   40    ,   100 ,   30   , null ,  null),
('I105'    ,    09120    ,      8     ,   0    ,   37    ,  null ,  null  , null , null),
('D035'    ,    00120    ,      0     ,   0    ,   40    ,  null ,  null  , null , null),
('D035'    ,    09120    ,      5     ,   0    ,   40    ,   100 ,   30   ,  5   ,   0),
('I105'    ,    09120    ,      8     ,   0    ,   37    ,  null ,  null  , null ,  null), 
('P220'    ,    00120    ,      15    ,   0    ,  3700   ,   100 ,  3500, null, null),
('P230'    ,    00120    ,      30    ,   0    ,  5200   ,   100 ,  5000, null, null),
('P240'    ,    00120    ,      15    ,   0    ,  2200   ,   100 ,  2000 , null, null),
('P250'    ,    00120    ,      30    ,   0    ,  1500   ,   100 ,  1400 ,  500  , 1200),
('P250'    ,    09120    ,      30    ,   0    ,  1500   ,   100 ,  1400  , 500  , 1200),
('P220'    ,    08700    ,      20    ,   50   ,  3500   ,   100 ,  3350  , null, null),
('P230'    ,    08700    ,      60    ,   0    ,  5000   ,   50  ,  4900 ,null ,null),
('R080'    ,    09120    ,      10    ,   0    ,   120   ,   100 ,  100 , null, null),
('R132'    ,    09120    ,      5     ,   0    ,   275   ,   null , null, null,null),
(,'B001'    ,    08700    ,      15    ,   0    ,   150   ,   50  ,  145  ,  100  ,  140),
('B002'    ,    08700    ,      15    ,   0    ,   210   ,   50  ,  200  ,  100  ,  185);

insert into entcom
(NUMCOM, OBSCOM, DATCOM, NUMFOU)
values


(70010,                   null  ,    '22-29-09'       ,     00120 ),
(70011,                   "Commande urgente "  ,    '29-09-2022'       ,     00540 ),
(70020,                   null  ,    '29-09-2022'       ,     09180 ),
(70025,                   "Commande urgente "  ,    29/09/2022       ,     09150 ),
(70210,                   "Commande cadencée"  ,    29/09/2022       ,     00120 ),
(70300,                   null  ,    '29-09-2022'       ,     09120 ),
(70250,                   "Commande cadencée"  ,   '2909/2022       ,     08700 ),
(70620,                   null ,    29/09/2022       ,     00540 ),
(70625,                   null  ,    29/09/2022       ,     00120 ),
(70629,                    null ,    29/09/2022       ,     09180 );

insert into ligcom (NUMCOM, CODART, NUMLIG, QTECDE, PRIUNI, QTELIV, DERLIV)
values

	(70010, 1, 'I100', 3000, 470, 3000, '2007-03-15'),
	(70010, 2, 'I105', 2000, 485, 2000, '2007-07-05'),
	(70010, 3, 'I108', 1000, 680, 1000, '2007-08-20'),
	(70010, 4, 'D035', 200, 40, 250, '2007-02-20'),
	(70010, 5, 'P220', 6000, 3500, 6000, '2007-03-31'),
	(70010, 6, 'P240', 6000, 2000, 2000, '2007-03-31'),
	(70011, 1, 'I105', 1000, 600, 1000, '2007-05-16'),
	(70011, 2, 'P220', 10000, 3500, 10000, '2007-08-31'),
	(70020, 1, 'B001', 200, 140, 0, '2007-12-31'),
	(70020, 2, 'B002', 200, 140, 0, '2007-12-31'),
	(70025, 1, 'I100', 1000, 590, 1000, '2007-05-15'),
	(70025, 2, 'I105', 500, 590, 500, '2007-03-15'),
	(70210, 1, 'I100', 1000, 470, 1000, '2007-07-15'),
	(70250, 1, 'P230', 15000, 4900, 12000, '2007-12-15'),
	(70250, 2, 'P220', 10000, 3350, 10000, '2007-11-10'),
	(70300, 1, 'I100', 50, 790, 50, '2007-10-31'),
	(70620, 1, 'I105', 200, 600, 200, '2007-11-01'),
	(70625, 1, 'I100', 1000, 470, 1000, '2007-10-15'),
	(70625, 2, 'P220', 10000, 3500, 10000, '2007-10-31'),
	(70629, 1, 'B001', 200, 140, 0, '2007-12-31'),
	(70629, 2, 'B002', 200, 140, 0, '2007-12-31');






